year,ticker,OIL_PRODUCTION,NGL_PRODUCTION,GAS_PRODUCTION
2018,APC,385.0,103.0,1069.0
2017,APC,355.0,99.0,1309.0
2016,APC,316.0,128.0,2093.0
2015,APC,317.0,130.0,2334.0
2014,APC,292.0,119.0,2589.0
2013,APC,248.0,91.0,2652.0
2012,APC,233.0,82.19,2495.0
2011,APC,217.0,74.0,2334.0
2010,APC,201.0,63.0,2272.0
2009,APC,187.0,47.0,2217.0
2008,APC,182.0,39.0,2049.0
2007,APC,215.4,44.0,1912.3
2006,APC,193.0,42.0,1529.0
2005,APC,155.0,36.0,1136.0
2004,APC,185.0,45.0,1741.0
2003,APC,184.0,47.0,1762.0
2002,APC,205.0,41.0,1760.0
2001,APC,68.0,42.0,1904.0
2000,APC,98.0,33.0,1052.0
1999,APC,40.0,18.0,465.0
1998,APC,30.48200035,18.19199944,484.10998539999986
2018,AR,8.945205479,118.1753425,1945.205479
2017,AR,6.715068493,98.75616438,1619.178082
2016,AR,5.117486339,72.88251366,1379.781421
2015,AR,5.693150685,42.60273973,1202.739726
2014,AR,3.591780822,19.45753425,868.4931507000001
2013,AR,0.619178082,5.816438356,484.9315068
2012,AR,0.05,0.19,240.0
2011,AR,0.52,1.94,230.0
2010,AR,0.35,0.91,130.0
2009,AR,0.35,0.91,130.0
2008,AR,0.35,0.91,130.0
2007,AR,0.35,0.91,130.0
2006,AR,0.35,0.91,130.0
2005,AR,0.35,0.91,130.0
2004,AR,0.35,0.91,130.0
2003,AR,0.35,0.91,130.0
2002,AR,0.35,0.91,130.0
2001,AR,0.35,0.91,130.0
2000,AR,0.35,0.91,130.0
1999,AR,0.35,0.91,130.0
1998,AR,0.35,0.91,130.0
2018,APA,245.409,59.563,965.531
2017,APA,244.263,53.466,957.56
2016,APA,228.812,62.26600000000001,950.327
2015,APA,284.357,62.249,1130.929
2014,APA,299.876,67.05,1340.321
2013,APA,346.617,64.643,2097.088
2012,APA,352.026,44.411,2293.451
2011,APA,339.945,31.14,2262.384
2010,APA,322.934,19.923,1888.66
2009,APA,278.726,11.466,1758.814
2008,APA,253.856,10.949000000000002,1617.609
2007,APA,249.1,12.748,1796.348
2006,APA,224.577,11.709,1589.065
2005,APA,234.07,9.788,1263.823
2004,APA,231.519,10.856,1235.108
2003,APA,205.394,9.143,1217.157
2002,APA,152.97899999999996,8.447000000000001,1080.387
2001,APA,147.299,8.951,1127.274
2000,APA,114.537,7.234,830.546
1999,APA,91.021,3.938,656.12
1998,APA,72.905998,2.883,590.107971
2018,AREX,5.528767123,3.953424658,25.77534247
2017,AREX,3.032876712,4.071232877,26.92876712
2016,AREX,3.483606557,4.177595628,28.42622951
2015,AREX,5.156164383999999,4.64109589,32.14246575
2014,AREX,5.545205479,4.0027397260000015,25.70684932
2013,AREX,4.01,2.64,17.16
2012,AREX,2.65,2.48,16.68
2011,AREX,1.32,2.19,17.38
2010,AREX,0.6779999999999999,0.715,17.233
2009,AREX,0.564,0.573,17.315
2008,AREX,0.478,0.279,19.377
2007,AREX,0.197,0.329,13.153
2006,AREX,0.197,0.329,13.153
2005,AREX,0.197,0.329,13.153
2004,AREX,0.197,0.329,13.153
2003,AREX,0.197,0.329,13.153
2002,AREX,0.197,0.329,13.153
2001,AREX,0.197,0.329,13.153
2000,AREX,0.197,0.329,13.153
1999,AREX,0.197,0.329,13.153
1998,AREX,0.197,0.329,13.153
2018,COG,2.065753425,0.205753425,1999.726027
2017,COG,12.16712329,1.4030136990000002,1796.164384
2016,COG,10.96448087,1.205464481,1640.437158
2015,COG,14.8739726,1.829315068,1550.684932
2014,COG,10.85,1.829315068,1392.0
2013,COG,8.824,1.829315068,1080.0
2012,COG,6.59,1.829315068,693.0
2011,COG,3.95,1.829315068,490.0
2010,COG,2.21,1.829315068,343.76
2009,COG,2.24,1.829315068,268.26
2008,COG,2.14,1.829315068,247.74
2007,COG,2.25,1.829315068,220.48
2006,COG,3.85,1.829315068,218.42
2005,COG,4.76,1.829315068,202.41
2004,COG,5.48,1.829315068,198.99
2003,COG,7.97,1.829315068,201.8356
2002,COG,7.97,1.829315068,202.0
2001,COG,5.468,1.829315068,190.0
2000,COG,2.71,1.829315068,167.0
1999,COG,2.54,1.829315068,195.3
1998,COG,2.016,1.829315068,175.889999
2018,CRC,82.0,16.0,202.0
2017,CRC,83.0,16.0,182.0
2016,CRC,91.0,16.0,197.0
2015,CRC,104.0,18.0,229.0
2014,CRC,99.0,19.0,246.0
2013,CRC,90.0,20.0,260.0
2012,CRC,88.0,17.0,256.0
2011,CRC,80.0,15.0,260.0
2010,CRC,80.0,15.0,260.0
2009,CRC,80.0,15.0,260.0
2008,CRC,80.0,15.0,260.0
2007,CRC,80.0,15.0,260.0
2006,CRC,80.0,15.0,260.0
2005,CRC,80.0,15.0,260.0
2004,CRC,80.0,15.0,260.0
2003,CRC,80.0,15.0,260.0
2002,CRC,80.0,15.0,260.0
2001,CRC,80.0,15.0,260.0
2000,CRC,80.0,15.0,260.0
1999,CRC,80.0,15.0,260.0
1998,CRC,80.0,15.0,260.0
2018,CPE,25.87123288,,42.32054795
2017,CPE,17.96438356,,29.85205479
2016,CPE,11.69398907,,21.19672131
2015,CPE,7.641096000000001,,11.8136
2014,CPE,4.6356,,6.08
2013,CPE,2.5,,8.25
2012,CPE,2.67,,9.8
2011,CPE,2.65,,13.92
2010,CPE,2.353425,,13.40274
2009,CPE,2.772603,,15.726026999999998
2008,CPE,2.58,,15.997
2007,CPE,2.91,,33.81
2006,CPE,4.48,,30.07
2005,CPE,5.03,,21.3
2004,CPE,4.8000001910000005,,31.20000076
2003,CPE,0.7340000000000001,,33.74
2002,CPE,0.619,,38.945
2001,CPE,0.748,,37.167
2000,CPE,0.636,,38.2
1999,CPE,0.904,,40.016
1998,CPE,0.8490000000000001,,38.455002
2018,CRZO,38.992,10.139,67.503
2017,CRZO,34.428000000000004,6.376,78.006
2016,CRZO,25.745,4.885,69.873
2015,CRZO,23.054,3.705,59.758
2014,CRZO,18.921,2.537,68.156
2013,CRZO,11.592,1.455,86.088
2012,CRZO,7.82,0.833,102.765
2011,CRZO,2.197,0.575,106.825
2010,CRZO,0.48,0.575,97.948
2009,CRZO,0.48,0.575,87.677
2008,CRZO,0.51,0.575,67.16
2007,CRZO,0.6602,0.575,43.95
2006,CRZO,0.6986,0.575,27.879
2005,CRZO,0.6409999999999999,0.575,22.482
2004,CRZO,0.8465,0.575,17.704
2003,CRZO,1.232876712,0.575,13.04931507
2002,CRZO,1.099,0.575,13.153
2001,CRZO,0.438,0.575,12.14247
2000,CRZO,0.198,0.575,14.96164
1999,CRZO,0.49,0.575,8.863013
1998,CRZO,0.49,0.575,8.863013
2018,CHK,90.4109589,52.05479452,2279.452055
2017,CHK,90.4109589,57.53424658,2405.479452
2016,CHK,90.16393443,65.57377049,2866.120219000001
2015,CHK,115.0684932,76.71232877,2931.506849
2014,CHK,115.0684932,90.4109589,3000.0
2013,CHK,112.6027397,57.26027397,3000.0
2012,CHK,85.42349727,48.1284153,3084.699454
2011,CHK,86.78,40.30684932,2750.684932
2010,CHK,50.4109589,40.30684932,2533.972603
2009,CHK,32.3288,40.30684932,2287.1233
2008,CHK,30.74,40.30684932,2118.64
2007,CHK,27.07,40.30684932,1794.4
2006,CHK,23.7,40.30684932,1442.4
2005,CHK,21.09,40.30684932,1157.23
2004,CHK,18.5,40.30684932,882.2
2003,CHK,12.78,40.30684932,658.54
2002,CHK,9.496,40.30684932,440.23
2001,CHK,7.89,40.30684932,394.989
2000,CHK,8.405,40.30684932,317.181
1999,CHK,11.362,40.30684932,297.562
1998,CHK,16.372999,40.30684932,258.687988
2018,XEC,67.699,60.258,563.9
2017,XEC,57.2,47.6,513.6
2016,XEC,45.2,38.8,459.6
2015,XEC,51.132,35.789,463.0
2014,XEC,42.846,31.078000000000007,425.0
2013,XEC,36.659,21.578000000000007,343.1
2012,XEC,31.463,18.994,323.758
2011,XEC,26.789,17.1,329.077
2010,XEC,27.0,11.7,363.9
2009,XEC,23.283,11.7,323.2
2008,XEC,22.9,11.7,348.2
2007,XEC,22.9,11.7,348.2
2006,XEC,17.9,11.7,341.7
2005,XEC,13.2,11.7,274.7
2004,XEC,7.2360000000000015,11.7,174.27700000000004
2003,XEC,6.859,11.7,138.5
2002,XEC,3.209,11.7,113.2
2001,XEC,2.242,11.7,116.099998
2000,XEC,2.405,11.7,128.199997
1999,XEC,2.405,11.7,128.199997
1998,XEC,2.405,11.7,128.199997
2018,CRK,11.2,,567.1
2017,CRK,2.605479452,,201.4273973
2016,CRK,3.792349727,,146.6612022
2015,CRK,8.463013699,,130.6191781
2014,CRK,11.82,,108.95
2013,CRK,7.08,,153.71
2012,CRK,6.31,,225.38
2011,CRK,2.3,,248.3
2010,CRK,1.96,,188.97
2009,CRK,2.12,,166.63
2008,CRK,2.76,,147.58
2007,CRK,2.762,,107.48
2006,CRK,6.3,,146.4
2005,CRK,2.84,,88.35
2004,CRK,4.2,,91.8
2003,CRK,4.425,,94.03
2002,CRK,3.6,,91.1
2001,CRK,4.137,,76.32600000000002
2000,CRK,5.0,,73.9
1999,CRK,5.8,,65.4
1998,CRK,7.044000149,,73.18599701
2018,CXO,167.81099999999995,,570.756
2017,CXO,119.101,,441.34
2016,CXO,92.459,,348.309
2015,CXO,94.403,,293.115
2014,CXO,72.107,,239.277
2013,CXO,57.879,,205.627
2012,CXO,46.063,,182.003
2011,CXO,36.838,,140.049
2010,CXO,26.359,,81.334
2009,CXO,19.274,,54.375
2008,CXO,12.53,,40.896
2007,CXO,8.2575,,33.0521
2006,CXO,6.956,,28.76
2005,CXO,1.641,,9.325
2004,CXO,1.641,,9.325
2003,CXO,1.641,,9.325
2002,CXO,1.641,,9.325
2001,CXO,1.641,,9.325
2000,CXO,1.641,,9.325
1999,CXO,1.641,,9.325
1998,CXO,1.641,,9.325
2018,COP,719.0,102.0,2774.0
2017,COP,721.0,111.0,3270.0
2016,COP,781.0,145.0,3857.0
2015,COP,756.0,156.0,4060.0
2014,COP,724.0,159.0,3943.0
2013,COP,708.0,159.0,4068.0
2012,COP,711.0,160.0,4245.0
2011,COP,717.0,149.0,4516.0
2010,COP,984.0,150.0,4606.0
2009,COP,1041.0,153.0,4877.0
2008,COP,828.0,153.0,4847.0
2007,COP,877.0,155.0,5087.0
2006,COP,993.0,136.0,4970.0
2005,COP,907.0,91.0,3270.0
2004,COP,905.0,84.0,3317.0
2003,COP,934.0,69.0,3522.0
2002,COP,682.0,46.0,2047.0
2001,COP,563.0,35.0,1335.0
2000,COP,437.0,29.0,1394.0
1999,COP,231.0,11.0,1393.0
1998,COP,222.0,13.0,1452.0
2018,CLR,168.17700000000005,,780.0830000000002
2017,CLR,138.455,,625.0930000000002
2016,CLR,128.005,,533.442
2015,CLR,146.622,,450.55800000000005
2014,CLR,121.999,,313.137
2013,CLR,95.859,,240.355
2012,CLR,68.497,,174.521
2011,CLR,45.12,,100.47
2010,CLR,32.38,,65.6
2009,CLR,27.46,,59.19
2008,CLR,25.06,,46.99
2007,CLR,23.83,,31.6
2006,CLR,20.49,,25.27
2005,CLR,15.64,,24.67
2004,CLR,15.64,,24.67
2003,CLR,15.64,,24.67
2002,CLR,15.64,,24.67
2001,CLR,15.64,,24.67
2000,CLR,15.64,,24.67
1999,CLR,15.64,,24.67
1998,CLR,15.64,,24.67
2018,DNR,58.532,,10.854
2017,DNR,58.41,,11.329
2016,DNR,61.44,,15.378
2015,DNR,69.165,,22.172
2014,DNR,70.60600000000002,,22.955
2013,DNR,66.286,,23.742
2012,DNR,66.837,,29.109
2011,DNR,60.736,,29.542
2010,DNR,59.918,,78.057
2009,DNR,36.951,,68.086
2008,DNR,31.436,,89.44200000000002
2007,DNR,27.925,,97.141
2006,DNR,22.936,,83.075
2005,DNR,20.013,,58.69600000000001
2004,DNR,19.247,,82.22399999999998
2003,DNR,18.894,,94.858
2002,DNR,18.833,,100.443
2001,DNR,16.977999999999998,,85.238
2000,DNR,15.219,,37.078
1999,DNR,12.09,,27.948
1998,DNR,13.603,,36.605
2018,DVN,246.0,106.0,1100.0
2017,DVN,244.0,99.0,1203.0
2016,DVN,260.0,116.0,1413.0
2015,DVN,275.0,136.0,1610.0
2014,DVN,214.0,139.0,1920.0
2013,DVN,168.3,125.7,2393.4
2012,DVN,146.1,109.1,2562.8
2011,DVN,123.0,100.0,2610.0
2010,DVN,111.1,88.0,2546.7
2009,DVN,115.1,82.2,2646.6
2008,DVN,106.9,76.8,2569.9
2007,DVN,150.7,71.2,2364.4
2006,DVN,115.07,63.0,2213.7
2005,DVN,170.0,65.8,2265.8
2004,DVN,213.7,65.8,2441.1
2003,DVN,169.7,59.9,2365.4
2002,DVN,114.7,53.7,2085.1
2001,DVN,121.6,21.4,1363.1
2000,DVN,116.605,20.274,1167.523
1999,DVN,87.00299999999999,14.003,833.433
1998,DVN,32.61000061,5.311999798,364.5599976
2018,FANG,94.15616438,20.45205479,94.98356164
2017,FANG,58.67945206,11.11232877,56.60273973
2016,FANG,31.58994809,6.555849727000001,29.31268306
2015,FANG,24.87982192,4.596227397,21.72941644
2014,FANG,14.74404,2.74518,11.90662
2013,FANG,5.54177,0.98926,4.74109
2012,FANG,2.07202,0.50168,2.28361
2011,FANG,1.23133,0.23785,1.13326
2010,FANG,0.77978,0.22216,0.899575
2009,FANG,0.468725,0.195511,0.70367
2008,FANG,0.5578,0.195511,0.66733
2007,FANG,0.5578,0.195511,0.66733
2006,FANG,0.5578,0.195511,0.66733
2005,FANG,0.5578,0.195511,0.66733
2004,FANG,0.5578,0.195511,0.66733
2003,FANG,0.5578,0.195511,0.66733
2002,FANG,0.5578,0.195511,0.66733
2001,FANG,0.5578,0.195511,0.66733
2000,FANG,0.5578,0.195511,0.66733
1999,FANG,0.5578,0.195511,0.66733
1998,FANG,0.5578,0.195511,0.66733
2018,EOG,399.9,116.1,1219.0
2017,EOG,336.7,88.4,1103.0
2016,EOG,282.5,81.6,1175.0
2015,EOG,284.4,77.0,1265.0
2014,EOG,288.9,80.3,1353.0
2013,EOG,220.4,65.2,1347.0
2012,EOG,157.9,55.9,1516.0
2011,EOG,113.4,42.4,1602.0
2010,EOG,74.7,30.4,1688.0
2009,EOG,55.2,23.6,1645.0
2008,EOG,45.5,16.0,1619.0
2007,EOG,31.2,12.2,1470.0
2006,EOG,28.1,9.3,1337.0
2005,EOG,28.6,7.5,1216.0
2004,EOG,27.4,5.6,1036.0
2003,EOG,23.2,3.8,955.0
2002,EOG,23.3,3.7,924.0
2001,EOG,25.8,4.0,921.0
2000,EOG,27.5,4.7,908.0
1999,EOG,23.5,3.4,938.0
1998,EOG,24.700001,3.9,971.0
2018,EPEG,45.82465753,14.32054795,123.0493151
2017,EPEG,46.11780822,14.97260274,127.0027397
2016,EPEG,46.74246575,14.74794521,158.3534247
2015,EPEG,60.48767123,14.70136986,206.939726
2014,EPEG,54.75342466,11.27671233,190.230137
2013,EPEG,38.0,8.0,281.0
2012,EPEG,26.5451,5.7288,548.1042
2011,EPEG,17.3699,4.4493,706.7505
2010,EPEG,14.0028,5.4685,665.1397
2009,EPEG,14.0028,5.4685,665.1397
2008,EPEG,14.0028,5.4685,665.1397
2007,EPEG,14.0028,5.4685,665.1397
2006,EPEG,14.0028,5.4685,665.1397
2005,EPEG,14.0028,5.4685,665.1397
2004,EPEG,14.0028,5.4685,665.1397
2003,EPEG,14.0028,5.4685,665.1397
2002,EPEG,14.0028,5.4685,665.1397
2001,EPEG,14.0028,5.4685,665.1397
2000,EPEG,14.0028,5.4685,665.1397
1999,EPEG,14.0028,5.4685,665.1397
1998,EPEG,14.0028,5.4685,665.1397
2018,EQT,1.863013699,44.24383562,3799.227397
2017,EQT,2.717808219,49.08219178,2120.756164
2016,EQT,1.991803279,32.37431694,1867.472678
2015,EQT,2.035616438,23.52876712,1498.8876710000004
2014,EQT,1.230136986,18.53150685,1186.246575
2013,EQT,0.74,12.72,955.32
2012,EQT,0.721,9.519,666.355
2011,EQT,0.5699,8.4274,497.4411
2010,EQT,0.32877,7.4301,338.1918
2009,EQT,0.27123,6.0795,249.1808
2008,EQT,0.28493,6.0795,246.468
2007,EQT,0.33,6.0795,225.76
2006,EQT,0.306,6.0795,221.09
2005,EQT,0.29600000000000004,6.0795,214.0
2004,EQT,0.227,6.0795,197.88
2003,EQT,0.227,6.0795,190.197
2002,EQT,0.348,6.0795,184.03
2001,EQT,1.236,6.0795,177.27700000000004
2000,EQT,1.362,6.0795,238.723
1999,EQT,2.932,6.0795,181.721
1998,EQT,2.729,6.0795,170.2329
2018,XCOOQ,3.717808219,,270.62739730000004
2017,XCOOQ,3.17260274,,219.5506849
2016,XCOOQ,4.833333333,,256.363388
2015,XCOOQ,6.398907104,,300.3442623
2014,XCOOQ,6.13,0.61,331.45
2013,XCOOQ,3.25,0.67,420.06
2012,XCOOQ,1.92,1.39,499.03
2011,XCOOQ,2.03,1.39,488.4
2010,XCOOQ,1.88,1.39,295.556
2009,XCOOQ,4.3,1.39,325.3
2008,XCOOQ,4.3,1.39,325.3
2007,XCOOQ,4.507,1.39,305.258
2006,XCOOQ,2.51,1.39,120.88
2005,XCOOQ,1.345,1.39,56.12
2004,XCOOQ,1.345,1.39,56.12
2003,XCOOQ,1.345,1.39,56.12
2002,XCOOQ,1.345,1.39,56.12
2001,XCOOQ,1.345,1.39,56.12
2000,XCOOQ,1.345,1.39,56.12
1999,XCOOQ,1.345,1.39,56.12
1998,XCOOQ,1.345,1.39,56.12
2018,ECA,89.9,78.2,1158.0
2017,ECA,76.3,52.8,1104.0
2016,ECA,73.7,48.4,1383.0
2015,ECA,87.0,46.4,1635.0
2014,ECA,49.4,37.4,2350.0
2013,ECA,25.8,28.1,2777.0
2012,ECA,31.0,28.1,2981.0
2011,ECA,24.0,28.1,3333.0
2010,ECA,22.787,28.1,3184.0
2009,ECA,27.197,28.1,2840.0
2008,ECA,133.58,26.038,3838.0
2007,ECA,134.154,25.178,3566.0
2006,ECA,132.602,24.671,3367.0
2005,ECA,156.0,25.582,3227.0
2004,ECA,156.0,25.582,3227.0
2003,ECA,142.326004,23.569000000000006,2553.0
2002,ECA,117.218002,20.259001,2048.0
2001,ECA,250.024994,20.259001,2376.0
2000,ECA,150.484,20.259001,1856.0
1999,ECA,150.484,20.259001,1856.0
1998,ECA,150.484,20.259001,1856.0
2018,XOG,40.217,14.411,128.347
2017,XOG,26.284,10.687,88.75399999999998
2016,XOG,14.44644809,6.240437158,55.2226776
2015,XOG,10.80986301,3.656438356,29.65205479
2014,XOG,2.800547945,0.891232877,7.29890411
2013,XOG,2.800547945,0.891232877,7.29890411
2012,XOG,2.800547945,0.891232877,7.29890411
2011,XOG,2.800547945,0.891232877,7.29890411
2010,XOG,2.800547945,0.891232877,7.29890411
2009,XOG,2.800547945,0.891232877,7.29890411
2008,XOG,2.800547945,0.891232877,7.29890411
2007,XOG,2.800547945,0.891232877,7.29890411
2006,XOG,2.800547945,0.891232877,7.29890411
2005,XOG,2.800547945,0.891232877,7.29890411
2004,XOG,2.800547945,0.891232877,7.29890411
2003,XOG,2.800547945,0.891232877,7.29890411
2002,XOG,2.800547945,0.891232877,7.29890411
2001,XOG,2.800547945,0.891232877,7.29890411
2000,XOG,2.800547945,0.891232877,7.29890411
1999,XOG,2.800547945,0.891232877,7.29890411
1998,XOG,2.800547945,0.891232877,7.29890411
2018,GDPMQ,0.594520548,,66.96986301
2017,GDPMQ,0.832876712,,28.28219178
2016,GDPMQ,1.300546448,,15.17759563
2015,GDPMQ,3.660273973,,21.8739726
2014,GDPMQ,4.64,,41.04
2013,GDPMQ,3.67,,54.14
2012,GDPMQ,3.0,,68.07
2011,GDPMQ,1.76,,99.09
2010,GDPMQ,0.4109589,,89.90410959
2009,GDPMQ,0.4136986,,79.1534246
2008,GDPMQ,0.4575,,63.4904
2007,GDPMQ,0.3233,,41.8658
2006,GDPMQ,1.298,,35.62
2005,GDPMQ,1.118,,17.087
2004,GDPMQ,1.299000025,,13.16300011
2003,GDPMQ,1.327,0.0,9.186
2002,GDPMQ,1.237,0.0,6.7639999999999985
2001,GDPMQ,1.593644,0.0,10.47459
2000,GDPMQ,1.566481948,0.0,9.301153183
1999,GDPMQ,1.080662966,0.0,8.029191971
1998,GDPMQ,0.8678575159999999,0.0,7.624177932999999
2018,GPOR,7.67,16.42,1215.732
2017,GPOR,7.07,14.614,959.07
2016,GPOR,5.82,10.53,623.54
2015,GPOR,7.94,12.12,427.81
2014,GPOR,7.35,5.62,162.52
2013,GPOR,6.35,0.87,24.36
2012,GPOR,6.35,0.18,3.03
2011,GPOR,5.91,0.17,2.44
2010,GPOR,4.94,0.2,2.19
2009,GPOR,4.1945,0.531,1.3452
2008,GPOR,4.3276,0.168,1.9454
2007,GPOR,4.1123,0.168,2.2356
2006,GPOR,2.3836,0.168,1.8548
2005,GPOR,1.4164,0.168,1.5743
2004,GPOR,1.6,0.168,0.77
2003,GPOR,1.564383562,0.168,0.337
2002,GPOR,1.271,0.168,0.282
2001,GPOR,1.63,0.168,0.195
2000,GPOR,1.4480000000000002,0.168,0.227
1999,GPOR,1.578,0.168,0.293
1998,GPOR,1.208,0.168,1.153
2018,HKRSQ,9.747945205,2.052054795,12.62191781
2017,HKRSQ,20.57808219,3.4219178080000003,20.38082192
2016,HKRSQ,28.40547945,4.375342466,26.22191781
2015,HKRSQ,32.93,3.99,27.73
2014,HKRSQ,35.03,3.04,24.14
2013,HKRSQ,27.802,1.871,21.926
2012,HKRSQ,6.598,0.732,12.443
2011,HKRSQ,2.42,0.48,7.29
2010,HKRSQ,2.764,1.011,13.378
2009,HKRSQ,3.1180000000000003,1.112,16.422
2008,HKRSQ,3.252,0.97,16.663
2007,HKRSQ,2.121,0.504,7.63
2006,HKRSQ,2.06,0.392,6.479
2005,HKRSQ,2.06,0.392,6.479
2004,HKRSQ,2.06,0.392,6.479
2003,HKRSQ,2.06,0.392,6.479
2002,HKRSQ,2.06,0.392,6.479
2001,HKRSQ,2.06,0.392,6.479
2000,HKRSQ,2.06,0.392,6.479
1999,HKRSQ,2.06,0.392,6.479
1998,HKRSQ,2.06,0.392,6.479
2018,HES,146.0,39.0,553.0
2017,HES,177.0,42.0,520.0
2016,HES,191.0,44.0,523.0
2015,HES,238.0,39.0,585.0
2014,HES,220.0,24.0,513.0
2013,HES,225.0,17.0,565.0
2012,HES,284.0,19.0,616.0
2011,HES,249.0,17.0,623.0
2010,HES,289.0,18.0,669.0
2009,HES,279.0,14.0,690.0
2008,HES,252.0,14.0,689.0
2007,HES,260.0,15.0,613.0
2006,HES,242.0,15.0,612.0
2005,HES,228.0,16.0,544.0
2004,HES,226.0,20.0,575.0
2003,HES,239.0,20.0,683.0
2002,HES,304.0,21.0,754.0
2001,HES,275.0,23.0,812.0
2000,HES,240.0,21.0,679.0
1999,HES,214.662,17.745,642.544
1998,HES,190.484,15.505,576.477
2018,LPI,27.87671233,19.88767123,122.4109589
2017,LPI,25.95890411,15.89041096,98.55342466
2016,LPI,23.06557377,13.07103825,80.69672131
2015,LPI,20.84931507,11.69041096,73.46849315
2014,LPI,18.91,11.69041096,79.36
2013,LPI,15.033,11.69041096,94.104
2012,LPI,13.046,11.69041096,106.96
2011,LPI,9.23,11.69041096,86.88
2010,LPI,0.94,11.69041096,45.33
2009,LPI,0.59,11.69041096,46.67
2008,LPI,0.2,11.69041096,21.0
2007,LPI,0.2,11.69041096,21.0
2006,LPI,0.2,11.69041096,21.0
2005,LPI,0.2,11.69041096,21.0
2004,LPI,0.2,11.69041096,21.0
2003,LPI,0.2,11.69041096,21.0
2002,LPI,0.2,11.69041096,21.0
2001,LPI,0.2,11.69041096,21.0
2000,LPI,0.2,11.69041096,21.0
1999,LPI,0.2,11.69041096,21.0
1998,LPI,0.2,11.69041096,21.0
2018,LINEQ,,,
2017,LINEQ,,,
2016,LINEQ,,,
2015,LINEQ,62.4,28.6,642.0
2014,LINEQ,72.9,33.5,572.0
2013,LINEQ,33.5,29.7,443.0
2012,LINEQ,29.2,24.5,349.0
2011,LINEQ,21.5,10.8,175.0
2010,LINEQ,13.1,8.3,137.0
2009,LINEQ,9.0,6.5,125.0
2008,LINEQ,9.0,6.0,124.0
2007,LINEQ,3.0,3.0,51.0
2006,LINEQ,1.0137,3.0,23.5589
2005,LINEQ,1.0137,3.0,13.258
2004,LINEQ,1.0137,3.0,13.258
2003,LINEQ,1.0137,3.0,13.258
2002,LINEQ,1.0137,3.0,13.258
2001,LINEQ,1.0137,3.0,13.258
2000,LINEQ,1.0137,3.0,13.258
1999,LINEQ,1.0137,3.0,13.258
1998,LINEQ,1.0137,3.0,13.258
2018,MRO,210.0,66.0,864.0
2017,MRO,203.0,55.0,833.0
2016,MRO,214.0,51.0,767.0
2015,MRO,249.0,49.0,782.0
2014,MRO,285.0,39.0,808.0
2013,MRO,310.0,35.0,852.0
2012,MRO,318.0,11.0,979.0
2011,MRO,257.0,11.0,850.0
2010,MRO,269.0,11.0,860.0
2009,MRO,248.0,11.0,936.0
2008,MRO,211.0,11.0,1016.0
2007,MRO,197.0,11.0,925.0
2006,MRO,223.0,11.0,847.0
2005,MRO,164.0,11.0,932.0
2004,MRO,170.1,11.0,999.4
2003,MRO,191.0,11.0,1060.0
2002,MRO,207.0,11.0,1126.0
2001,MRO,209.0,11.0,1150.0
2000,MRO,207.0,11.0,1098.0
1999,MRO,191.0,11.0,1146.0
1998,MRO,196.0,11.0,1218.0
2018,MTDR,30.523000000000003,,129.6
2017,MTDR,21.51,,104.6
2016,MTDR,13.924,,83.3
2015,MTDR,12.306,,75.9
2014,MTDR,9.1,,40.0
2013,MTDR,5.84,,40.0
2012,MTDR,3.32,,34.0
2011,MTDR,0.4219,,39.7
2010,MTDR,0.0917,,23.0
2009,MTDR,0.0833,,13.3
2008,MTDR,0.1028,,34.4
2007,MTDR,0.1028,,34.4
2006,MTDR,0.1028,,34.4
2005,MTDR,0.1028,,34.4
2004,MTDR,0.1028,,34.4
2003,MTDR,0.1028,,34.4
2002,MTDR,0.1028,,34.4
2001,MTDR,0.1028,,34.4
2000,MTDR,0.1028,,34.4
1999,MTDR,0.1028,,34.4
1998,MTDR,0.1028,,34.4
2018,MUR,91.749,9.584,422.827
2017,MUR,89.2,9.37,383.722
2016,MUR,103.4,9.227,378.163
2015,MUR,126.4,10.234,427.614
2014,MUR,142.408,9.239,445.956
2013,MUR,135.078,9.239,423.846
2012,MUR,112.591,9.239,490.124
2011,MUR,103.16,9.239,457.365
2010,MUR,126.927,9.239,356.801
2009,MUR,131.839,9.239,187.266
2008,MUR,118.254,9.239,55.518
2007,MUR,91.522,9.239,61.082
2006,MUR,87.304,0.513,75.262
2005,MUR,101.349,0.56,90.198
2004,MUR,96.74,0.853,109.452
2003,MUR,81.931,1.521,215.334
2002,MUR,73.594,1.619,296.931
2001,MUR,64.365,1.979,281.235
2000,MUR,63.941,1.318,229.412
1999,MUR,64.395,1.6880000000000002,240.443
1998,MUR,59.12799835,1.6880000000000002,230.89999390000003
2018,NBL,132.0,67.0,922.0
2017,NBL,131.0,64.0,1118.0
2016,NBL,127.0,59.0,1397.0
2015,NBL,114.0,44.0,1187.0
2014,NBL,105.0,28.0,992.0
2013,NBL,101.0,22.0,901.0
2012,NBL,88.0,21.0,774.0
2011,NBL,58.0,20.0,806.0
2010,NBL,66.0,19.0,787.0
2009,NBL,64.0,16.0,781.0
2008,NBL,71.0,15.0,767.0
2007,NBL,85.488,15.0,687.444
2006,NBL,74.91199999999998,15.0,622.93
2005,NBL,60.198,15.0,508.195
2004,NBL,45.375,15.0,366.965
2003,NBL,36.014,15.0,336.6
2002,NBL,29.114,15.0,341.0
2001,NBL,30.661,15.0,422.444
2000,NBL,25.805,15.0,406.3
1999,NBL,30.003,15.0,455.1
1998,NBL,37.21699905,15.0,566.5999756
2018,NOG,21.343000000000004,,25.273000000000003
2017,NOG,12.431,,14.213
2016,NOG,11.819,,11.002
2015,NOG,14.161,,12.744000000000002
2014,NOG,14.112,,10.09
2013,NOG,11.087,,7.0470000000000015
2012,NOG,9.468,,4.833
2011,NOG,4.91,,2.192
2010,NOG,2.328342,,0.6422220000000001
2009,NOG,0.751584,,0.129603
2008,NOG,0.13902,,0.01084
2007,NOG,0.13902,,0.01084
2006,NOG,0.13902,,0.01084
2005,NOG,0.13902,,0.01084
2004,NOG,0.13902,,0.01084
2003,NOG,0.13902,,0.01084
2002,NOG,0.13902,,0.01084
2001,NOG,0.13902,,0.01084
2000,NOG,0.13902,,0.01084
1999,NOG,0.13902,,0.01084
1998,NOG,0.13902,,0.01084
2018,OAS,63.151,,116.246
2017,OAS,51.557,,87.522
2016,OAS,41.459,,53.478
2015,OAS,44.08493151,,38.36164384
2014,OAS,40.77534247,,29.29041096
2013,OAS,30.5,,20.41
2012,OAS,20.58,,11.33
2011,OAS,10.22,,2.99
2010,OAS,4.91,,1.78
2009,OAS,1.802,,0.892
2008,OAS,1.038356,,0.336986
2007,OAS,1.038356,,0.336986
2006,OAS,1.038356,,0.336986
2005,OAS,1.038356,,0.336986
2004,OAS,1.038356,,0.336986
2003,OAS,1.038356,,0.336986
2002,OAS,1.038356,,0.336986
2001,OAS,1.038356,,0.336986
2000,OAS,1.038356,,0.336986
1999,OAS,1.038356,,0.336986
1998,OAS,1.038356,,0.336986
2018,OXY,419.0,98.0,844.0
2017,OXY,381.0,86.0,809.0
2016,OXY,390.0,81.0,954.0
2015,OXY,416.0,73.0,982.0
2014,OXY,383.0,62.0,909.0
2013,OXY,384.0,64.0,974.0
2012,OXY,470.0,82.0,1286.0
2011,OXY,450.0,79.0,1223.0
2010,OXY,453.0,66.0,1146.0
2009,OXY,516.0,66.0,967.0
2008,OXY,463.0,66.0,837.0
2007,OXY,453.0,66.0,714.0
2006,OXY,440.0,66.0,652.0
2005,OXY,389.0,66.0,674.0
2004,OXY,434.0,66.0,637.0
2003,OXY,419.0,66.0,606.0
2002,OXY,387.0,66.0,627.0
2001,OXY,366.0,66.0,660.0
2000,OXY,343.0,66.0,708.0
1999,OXY,306.4,66.0,714.0
1998,OXY,321.0,66.0,703.0
2018,PDCE,46.4739726,23.36164384,241.1424658
2017,PDCE,35.34794521,19.1260274,196.4082192
2016,PDCE,23.91232877,13.22191781,141.7260274
2015,PDCE,19.13,7.76,91.237
2014,PDCE,11.84082192,4.811506849,52.87123288
2013,PDCE,7.972,2.858,42.278
2012,PDCE,5.43,2.29,43.68
2011,PDCE,4.6847,1.9704,83.369
2010,PDCE,3.3737,1.5605,71.8879
2009,PDCE,3.40822,1.5605,93.396164
2008,PDCE,3.1792,1.5605,87.013129
2007,PDCE,2.4933,1.5605,61.6803
2006,PDCE,1.7288,1.5605,36.0575
2005,PDCE,1.2027,1.5605,30.2219
2004,PDCE,1.0438,1.5605,28.4164
2003,PDCE,0.791780822,1.5605,23.86849315
2002,PDCE,0.622,0.0,17.704
2001,PDCE,0.5343,0.0,16.671229999999998
2000,PDCE,0.2986,0.0,15.71781
1999,PDCE,0.02191,0.0,9.454795
1998,PDCE,0.021918,0.0,6.720548
2018,PE,69.46849315,22.88493151,102.369863
2017,PE,44.90410959,12.36164384,63.90684932
2016,PE,25.596,6.53,36.784
2015,PE,13.17,4.11,28.326
2014,PE,7.778,3.123,19.849
2013,PE,2.874,3.123,12.8219
2012,PE,2.874,3.123,12.8219
2011,PE,2.874,3.123,12.8219
2010,PE,2.874,3.123,12.8219
2009,PE,2.874,3.123,12.8219
2008,PE,2.874,3.123,12.8219
2007,PE,2.874,3.123,12.8219
2006,PE,2.874,3.123,12.8219
2005,PE,2.874,3.123,12.8219
2004,PE,2.874,3.123,12.8219
2003,PE,2.874,3.123,12.8219
2002,PE,2.874,3.123,12.8219
2001,PE,2.874,3.123,12.8219
2000,PE,2.874,3.123,12.8219
1999,PE,2.874,3.123,12.8219
1998,PE,2.874,3.123,12.8219
2018,PXD,190.639,63.78,393.391
2017,PXD,158.571,55.008,352.50699999999995
2016,PXD,133.67700000000002,43.504,339.966
2015,PXD,105.347,38.592,360.662
2014,PXD,87.03399999999998,38.646,339.341
2013,PXD,75.22,35.615,380.487
2012,PXD,63.073,29.816,388.709
2011,PXD,41.695,22.487,364.945
2010,PXD,33.707,19.736,367.865
2009,PXD,31.874,19.68,379.955
2008,PXD,29.674,19.048,379.395
2007,PXD,25.436,18.924,366.416
2006,PXD,26.744,18.951,329.361
2005,PXD,44.087,19.729,670.5269999999998
2004,PXD,44.982,21.649,663.554
2003,PXD,35.304,22.562,581.406
2002,PXD,31.545,22.154,358.945
2001,PXD,34.241,21.37,350.314
2000,PXD,34.249,22.894,371.157
1999,PXD,42.339,25.308000000000003,434.13
1998,PXD,59.05199814,29.2310009,503.87200930000006
2018,QEP,65.56712329,12.7709589,382.4657534
2017,QEP,53.75534247,14.70493151,462.739726
2016,QEP,55.44754098,16.33551913,483.6065574
2015,QEP,53.65013699,12.88849315,496.1643836
2014,QEP,46.97,18.5455,491.2
2013,QEP,27.97,13.18,600.0
2012,QEP,17.28,14.65,680.0
2011,QEP,10.25,7.44,650.0
2010,QEP,8.16,3.36,560.0
2009,QEP,9.589,3.36,462.1918
2008,QEP,9.2,3.36,421.9
2007,QEP,8.3,3.36,338.6
2006,QEP,7.2,3.36,316.4
2005,QEP,6.7,3.36,277.8
2004,QEP,6.249,3.36,246.03
2003,QEP,6.367123287999999,3.36,215.92054790000003
2002,QEP,7.671,3.36,218.356003
2001,QEP,6.849315,3.36,193.424652
2000,QEP,6.0273970000000014,3.36,189.041092
1999,QEP,6.0273970000000014,3.36,189.041092
1998,QEP,6.0273970000000014,3.36,189.041092
2018,RRC,11.585,105.001,1501.604
2017,RRC,13.115,97.834,1343.16
2016,RRC,9.861,76.02600000000002,1026.807
2015,RRC,11.189,55.77,993.662
2014,RRC,11.15,51.563,786.0989999999998
2013,RRC,10.486,25.356,724.735
2012,RRC,7.79,19.036,591.679
2011,RRC,5.369,14.664,397.825
2010,RRC,5.3,9.864,290.815
2009,RRC,7.005,5.992000000000001,357.94199999999995
2008,RRC,8.427999999999999,3.786,312.3590000000001
2007,RRC,9.205,3.054,245.465
2006,RRC,8.326,2.991,193.734
2005,RRC,8.3041,2.7726,172.6137
2004,RRC,6.8822,2.70685,138.9644
2003,RRC,5.542000000000002,1.099,119.205
2002,RRC,5.1320000000000014,1.115,112.592
2001,RRC,5.249,0.893,115.83
2000,RRC,5.575,0.995,112.436
1999,RRC,6.1560000000000015,1.129,139.2
1998,RRC,5.958904,1.315068,123.816437
2018,SM,51.4,21.8,282.7
2017,SM,37.4,28.2,337.0
2016,SM,45.4,38.8,401.5
2015,SM,52.7,44.0,475.7
2014,SM,45.6,35.6,419.0
2013,SM,38.2,26.0,409.2
2012,SM,28.3,16.7,328.0
2011,SM,22.1,9.6,274.8
2010,SM,17.4,9.6,196.9
2009,SM,17.3,9.6,194.8
2008,SM,18.1,9.6,204.7
2007,SM,18.9,9.6,181.0
2006,SM,16.594,9.6,154.65200000000004
2005,SM,16.238,9.6,141.922
2004,SM,13.113,9.6,127.316
2003,SM,12.441,9.6,136.062
2002,SM,7.712999999999999,9.6,104.558
2001,SM,6.667000000000002,9.6,108.195
2000,SM,6.551,9.6,104.769
1999,SM,3.79,9.6,62.478
1998,SM,3.4930000000000003,9.6,69.697998
2018,SNEC,26.452054800000006,27.22191781,151.58904109999997
2017,SNEC,22.51232877,22.85479452,149.7287671
2016,SNEC,17.40437159,16.28415301,118.0027322
2015,SNEC,19.63013699,15.76438356,102.9972603
2014,SNEC,16.65643836,7.096164384,40.62328767
2013,SNEC,7.9689999999999985,1.247,8.352
2012,SNEC,1.1418,0.0019,0.823
2011,SNEC,0.3997,0.0014,0.4496
2010,SNEC,0.1529,0.0014,0.0874
2009,SNEC,0.0093,0.0014,0.0874
2008,SNEC,0.0093,0.0014,0.0874
2007,SNEC,0.0093,0.0014,0.0874
2006,SNEC,0.0093,0.0014,0.0874
2005,SNEC,0.0093,0.0014,0.0874
2004,SNEC,0.0093,0.0014,0.0874
2003,SNEC,0.0093,0.0014,0.0874
2002,SNEC,0.0093,0.0014,0.0874
2001,SNEC,0.0093,0.0014,0.0874
2000,SNEC,0.0093,0.0014,0.0874
1999,SNEC,0.0093,0.0014,0.0874
1998,SNEC,0.0093,0.0014,0.0874
2018,SWN,9.334246575,53.9890411,2210.958904
2017,SWN,6.375342466,39.02739726,2183.561644000001
2016,SWN,5.989071038,33.80327869,2153.005464
2015,SWN,6.2054794520000005,29.32054795,2463.013699
2014,SWN,0.643835616,0.6328767120000001,2098.630137
2013,SWN,0.378,0.0,1797.0
2012,SWN,0.227,0.0,1542.0
2011,SWN,0.28,0.0,1368.21
2010,SWN,0.47,0.0,1105.753
2009,SWN,0.34,0.0,821.096
2008,SWN,1.05,0.0,526.75
2007,SWN,1.68,0.0,301.01
2006,SWN,1.91,0.0,186.56
2005,SWN,1.93,0.0,155.62
2004,SWN,1.693,0.0,138.1
2003,SWN,1.455,0.0,104.11
2002,SWN,1.868,0.0,98.63
2001,SWN,1.97,0.0,97.26
2000,SWN,1.85,0.0,86.58
1999,SWN,1.85,0.0,86.58
1998,SWN,1.85,0.0,86.58
2018,UPLMQ,6.6904109589999985,,713.4410958999998
2017,UPLMQ,7.602739726,,712.3534247
2016,UPLMQ,7.977032877,,724.0496932
2015,UPLMQ,9.678268,,736.85988
2014,UPLMQ,9.33,,626.07
2013,UPLMQ,3.28,,616.2
2012,UPLMQ,3.51,,683.04
2011,UPLMQ,3.858,,648.855
2010,UPLMQ,3.65479,,563.3233
2009,UPLMQ,3.61643,,471.7507
2008,UPLMQ,3.07397,,379.62739
2007,UPLMQ,7.9261,,299.1178
2006,UPLMQ,6.02036,,214.7821
2005,UPLMQ,5.5359,,169.1023
2004,UPLMQ,2.58356,,119.6367
2003,UPLMQ,0.58,,75.676
2002,UPLMQ,0.414,,45.194
2001,UPLMQ,0.31894,,31.5081
2000,UPLMQ,0.138,,14.513
1999,UPLMQ,0.138,,14.513
1998,UPLMQ,0.138,,14.513
2018,UNT,7.874,13.494000000000002,152.398
2017,UNT,7.439,12.979,140.437
2016,UNT,8.125,13.699000000000002,152.28
2015,UNT,10.365,14.449000000000002,179.578
2014,UNT,10.53,12.68,161.24
2013,UNT,9.21,10.72,155.49
2012,UNT,8.96,7.64,133.69
2011,UNT,6.88,6.13,120.83
2010,UNT,4.1671,4.2438,111.6603
2009,UNT,3.5232900000000003,4.07671,120.72055
2008,UNT,3.45479,3.80274,130.06301000000002
2007,UNT,2.98904,2.15068,119.07945
2006,UNT,3.981,2.15068,121.011
2005,UNT,2.97,2.15068,93.31
2004,UNT,2.87,2.15068,74.38
2003,UNT,1.4,2.15068,56.6
2002,UNT,1.2959,2.15068,51.967
2001,UNT,1.3479,2.15068,51.6822
2000,UNT,1.34,2.15068,52.8356
1999,UNT,1.16,2.15068,47.7726
1998,UNT,1.21369863,2.15068,45.10958904
2018,WTI,18.32054794,3580.821918,87.64657534
2017,WTI,19.35342466,3.78630137,100.6958904
2016,WTI,19.67486339,4.2131147539999985,108.5546448
2015,WTI,21.23561644,4.394520548,126.4739726
2014,WTI,19.66027397,5.78630137,137.22739730000004
2013,WTI,19.23,5.73,145.91
2012,WTI,16.48,5.82,147.06
2011,WTI,16.712,5.2,147.12
2010,WTI,19.32,5.2,122.5
2009,WTI,19.71,5.2,141.42
2008,WTI,19.17808,5.2,153.69863
2007,WTI,22.7397,5.2,210.137
2006,WTI,17.6878,5.2,165.6082
2005,WTI,11.1918,5.2,127.5288
2004,WTI,13.2795,5.2,146.1589
2003,WTI,13.2795,5.2,146.1589
2002,WTI,13.2795,5.2,146.1589
2001,WTI,13.2795,5.2,146.1589
2000,WTI,13.2795,5.2,146.1589
1999,WTI,13.2795,5.2,146.1589
1998,WTI,13.2795,5.2,146.1589
2018,WPX,81.6,18.4,162.6
2017,WPX,61.3,13.8,208.5
2016,WPX,41.5,10.0,199.0
2015,WPX,34.2,6.6,181.0
2014,WPX,23.5,2.5,204.0
2013,WPX,21.81,20.79,1002.73
2012,WPX,18.0,28.89,1105.31
2011,WPX,12.89,28.05,1085.39
2010,WPX,7.77,22.52,1095.52
2009,WPX,7.67,22.52,1190.1
2008,WPX,7.56,22.52,1117.7
2007,WPX,7.56,22.52,1117.7
2006,WPX,7.56,22.52,1117.7
2005,WPX,7.56,22.52,1117.7
2004,WPX,7.56,22.52,1117.7
2003,WPX,7.56,22.52,1117.7
2002,WPX,7.56,22.52,1117.7
2001,WPX,7.56,22.52,1117.7
2000,WPX,7.56,22.52,1117.7
1999,WPX,7.56,22.52,1117.7
1998,WPX,7.56,22.52,1117.7
2018,WLL,86.30136986,20.273972600000004,128.2191781
2017,WLL,80.2739726,19.17808219,113.15068490000002
2016,WLL,93.12876712,18.19726027,113.52876709999998
2015,WLL,129.3150685,15.06849315,112.6027397
2014,WLL,91.78082192,9.04109589,82.73972603
2013,WLL,73.9,7.6,73.6
2012,WLL,63.11,7.65,70.49
2011,WLL,55.8904,7.65,72.3288
2010,WLL,52.1,7.65,75.1
2009,WLL,42.19,7.65,80.27
2008,WLL,33.97,7.65,83.28
2007,WLL,26.3,7.65,84.38
2006,WLL,26.84,7.65,87.94
2005,WLL,19.17,7.65,83.01
2004,WLL,10.13,7.65,68.76
2003,WLL,14.24628,7.65,120.124
2002,WLL,6.301,7.65,58.630001
2001,WLL,5.753425,7.65,54.246574
2000,WLL,5.753425,7.65,54.246574
1999,WLL,5.753425,7.65,54.246574
1998,WLL,5.753425,7.65,54.246574
2018,BP/,2091.0,100.0,8660.0
2017,BP/,2163.0,97.0,7744.0
2016,BP/,1958.0,97.0,7075.0
2015,BP/,1907.0,97.0,7146.0
2014,BP/,1927.0,97.0,7100.0
2013,BP/,2013.0,97.0,7061.0
2012,BP/,2056.0,97.0,7393.0
2011,BP/,2157.0,97.0,7518.0
2010,BP/,2374.0,97.0,8401.0
2009,BP/,2535.0,97.0,8485.0
2008,BP/,2401.0,97.0,8334.0
2007,BP/,2414.0,97.0,8143.0
2006,BP/,2475.0,97.0,8417.0
2005,BP/,2562.0,97.0,8424.0
2004,BP/,2531.0,97.0,8503.0
2003,BP/,2121.0,97.0,8613.0
2002,BP/,1771.0,97.0,8707.0
2001,BP/,1931.0,97.0,8632.0
2000,BP/,1928.0,97.0,7609.0
1999,BP/,2061.0,97.0,6067.0
1998,BP/,2049.0,97.0,5808.0
1997,BP/,1930.0,97.0,5858.0
2018,CVE,368.91,26.539,528.0
2017,CVE,342.7030000000001,18.000999999999994,659.0
2016,CVE,204.722,1.064,394.0
2015,CVE,203.187,1.148,431.0
2014,CVE,198.045,1.06,468.0
2013,CVE,173.581,0.901,506.0
2012,CVE,159.265,0.835,568.0
2011,CVE,127.867,0.935,633.0
2010,CVE,128.016,1.171,737.0
2009,CVE,120.632,1.206,837.0
2008,CVE,120.632,1.206,837.0
2007,CVE,120.632,1.206,837.0
2006,CVE,120.632,1.206,837.0
2005,CVE,120.632,1.206,837.0
2004,CVE,120.632,1.206,837.0
2003,CVE,120.632,1.206,837.0
2002,CVE,120.632,1.206,837.0
2001,CVE,120.632,1.206,837.0
2000,CVE,120.632,1.206,837.0
1999,CVE,120.632,1.206,837.0
1998,CVE,120.632,1.206,837.0
1997,CVE,120.632,1.206,837.0
2018,CVX,1782.0,,6889.0
2017,CVX,1723.0,,6032.0
2016,CVX,1719.0,,5252.0
2015,CVX,1744.0,,5269.0
2014,CVX,1709.0,,5167.0
2013,CVX,1731.0,,5192.0
2012,CVX,1764.0,,5074.0
2011,CVX,1849.0,,4941.0
2010,CVX,1923.0,,5040.0
2009,CVX,1872.0,,4989.0
2008,CVX,1676.0,,5125.0
2007,CVX,1783.0,,5019.0
2006,CVX,1759.0,,4956.0
2005,CVX,1701.0,,4233.0
2004,CVX,1710.0,,3958.0
2003,CVX,1808.0,,4292.0
2002,CVX,1897.0,,4376.0
2001,CVX,1959.0,,4417.0
2000,CVX,1997.0,,4466.0
1999,CVX,1127.0,,2512.6
1998,CVX,1107.3,,2392.6
1997,CVX,1107.3,,2392.6
2018,386,790.4383562,,2677.589041
2017,386,790.4383562,,2677.589041
2016,386,831.5342466,,2098.958904
2015,386,957.4520548,,2013.123288
2014,386,988.3,,1962.6
2013,386,911.1,,1808.7
2012,386,899.0,,1638.0
2011,386,880.0,,1417.0
2010,386,880.0,,1417.0
2009,386,898.0,,819.0
2008,386,813.0,,803.0
2007,386,813.0,,803.0
2006,386,781.0,,703.0
2005,386,764.0,,608.0
2004,386,749.0,,567.0
2003,386,742.356018,,514.2470089999998
2002,386,739.177979,,489.863007
2001,386,737.424988,,446.027008
2000,386,676.0,,219.0
1999,386,660.0,,215.0
1998,386,687.0,,222.0
1997,386,687.0,,222.0
2018,ECOPETL,592.5,,127.9
2017,ECOPETL,545.0,,124.2
2016,ECOPETL,592.1,,125.8
2015,ECOPETL,626.5,,134.2
2014,ECOPETL,618.0,,787.002
2013,ECOPETL,651.1,,137.1
2012,ECOPETL,634.7,,689.5
2011,ECOPETL,616.0,,626.98
2010,ECOPETL,507.8,,581.8
2009,ECOPETL,426.0,,539.2
2008,ECOPETL,361.9,,486.8
2007,ECOPETL,326.6,,412.0
2006,ECOPETL,326.6,,412.0
2005,ECOPETL,326.6,,412.0
2004,ECOPETL,326.6,,412.0
2003,ECOPETL,326.6,,412.0
2002,ECOPETL,326.6,,412.0
2001,ECOPETL,326.6,,412.0
2000,ECOPETL,326.6,,412.0
1999,ECOPETL,326.6,,412.0
1998,ECOPETL,326.6,,412.0
1997,ECOPETL,326.6,,412.0
2018,ENI,887.0,,5261.0
2017,ENI,852.0,,5261.0
2016,ENI,878.0,,4807.2
2015,ENI,908.0,,4680.8
2014,ENI,828.0,,4221.88
2013,ENI,833.0,,4319.6
2012,ENI,882.0,,4500.7
2011,ENI,845.0,,4084.6
2010,ENI,997.0,,4540.0
2009,ENI,1007.0,,4373.7
2008,ENI,1026.0,,4423.5
2007,ENI,1020.0,,4144.0
2006,ENI,1079.0,,3966.0
2005,ENI,1111.0,,3595.1
2004,ENI,1034.0,,4368.0
2003,ENI,981.0,,3486.0
2002,ENI,921.0,,3306.0
2001,ENI,857.0,,3072.0
2000,ENI,748.0,,2634.0
1999,ENI,674.0,,2209.0
1998,ENI,653.0,,2176.0
1997,ENI,653.0,,2176.0
2018,EQNR,1132.0,,5874.0
2017,EQNR,1139.0,,5646.0
2016,EQNR,1144.0,,5004.0
2015,EQNR,1165.0,,4836.0
2014,EQNR,1127.0,,4806.0
2013,EQNR,1115.0,,4629.9
2012,EQNR,1137.0,,4865.604
2011,EQNR,1118.0,,4107.984
2010,EQNR,1122.0,,4298.792
2009,EQNR,1202.0,,4265.12
2008,EQNR,1200.0,,4068.7
2007,EQNR,1070.0,,3924.0
2006,EQNR,1058.0,,3900.0
2005,EQNR,704.0,,2796.0
2004,EQNR,625.0,,2122.8
2003,EQNR,737.5,,1871.0
2002,EQNR,742.466,,1800.0
2001,EQNR,754.900024,,1421.0
2000,EQNR,754.900024,,1365.0
1999,EQNR,754.900024,,1365.0
1998,EQNR,754.900024,,1365.0
1997,EQNR,754.900024,,1365.0
2018,XOM,2018.0,248.0,9405.0
2017,XOM,2028.0,255.0,10211.0
2016,XOM,2113.0,252.0,10127.0
2015,XOM,2088.0,257.0,10515.0
2014,XOM,1852.0,259.0,11145.0
2013,XOM,1943.0,259.0,11836.0
2012,XOM,2185.0,259.0,12322.0
2011,XOM,2312.0,259.0,13162.0
2010,XOM,2422.0,259.0,12148.0
2009,XOM,2387.0,259.0,9273.0
2008,XOM,2405.0,259.0,9095.0
2007,XOM,2616.0,259.0,9384.0
2006,XOM,2681.0,259.0,9334.0
2005,XOM,2523.0,259.0,9251.0
2004,XOM,2571.0,259.0,9864.0
2003,XOM,2516.0,259.0,10119.0
2002,XOM,2496.0,259.0,10452.0
2001,XOM,2542.0,259.0,10279.0
2000,XOM,2553.0,259.0,10343.0
1999,XOM,2517.0,259.0,10308.0
1998,XOM,2502.0,259.0,10617.0
1997,XOM,1599.0,259.0,6339.0
2018,GALP,94.8,,
2017,GALP,94.8,,
2016,GALP,62.3,,
2015,GALP,42.5,,
2014,GALP,28.8,,
2013,GALP,22.9,,
2012,GALP,22.9,,
2011,GALP,22.9,,
2010,GALP,22.9,,
2009,GALP,22.9,,
2008,GALP,22.9,,
2007,GALP,22.9,,
2006,GALP,22.9,,
2005,GALP,22.9,,
2004,GALP,22.9,,
2003,GALP,22.9,,
2002,GALP,22.9,,
2001,GALP,22.9,,
2000,GALP,22.9,,
1999,GALP,22.9,,
1998,GALP,22.9,,
1997,GALP,22.9,,
2018,HSE,191.8,22.9,507.0
2017,HSE,214.9,18.1,539.1
2016,HSE,228.6,14.0,555.9
2015,HSE,230.9,18.2,689.0
2014,HSE,236.6,18.2,621.0
2013,HSE,226.5,18.2,512.7
2012,HSE,209.2,18.2,554.0
2011,HSE,211.3,18.2,607.0
2010,HSE,202.6,18.2,506.8
2009,HSE,216.2,18.2,541.7
2008,HSE,256.8,18.2,594.4
2007,HSE,272.7,18.2,623.3
2006,HSE,247.6,18.2,672.3
2005,HSE,175.7,18.2,488.5
2004,HSE,183.899994,18.2,524.0
2003,HSE,186.800003,18.2,473.700012
2002,HSE,179.300003,18.2,426.600006
2001,HSE,154.399994,18.2,417.799988
2000,HSE,117.1,18.2,358.0
1999,HSE,117.1,18.2,358.0
1998,HSE,117.1,18.2,358.0
1997,HSE,117.1,18.2,358.0
2018,IMO,320.0,2.0,126.0
2017,IMO,315.0,1.0,114.0
2016,IMO,335.0,1.0,122.0
2015,IMO,317.0,1.0,125.0
2014,IMO,235.0,2.0,156.0
2013,IMO,224.0,3.0,189.0
2012,IMO,207.0,3.0,195.0
2011,IMO,200.0,4.0,228.0
2010,IMO,199.0,5.0,254.0
2009,IMO,205.0,6.0,274.0
2008,IMO,205.0,8.0,249.0
2007,IMO,216.0,12.0,404.0
2006,IMO,208.0,19.0,496.0
2005,IMO,206.0,25.0,580.0
2004,IMO,204.0,26.0,569.0
2003,IMO,203.0,22.0,457.0
2002,IMO,202.0,21.0,463.0
2001,IMO,215.0,22.0,482.0
2000,IMO,190.0,23.0,459.0
1999,IMO,213.0,24.0,413.0
1998,IMO,251.0,24.0,379.0
1997,IMO,251.0,24.0,379.0
2018,MOL,44.5,6.5,307.2
2017,MOL,37.6,7.1,325.2
2016,MOL,40.9,7.5,336.0
2015,MOL,35.2,7.1,341.4
2014,MOL,34.5,8.1,293.715
2013,MOL,38.2,7.6,346.8
2012,MOL,42.8,9.0,400.2
2011,MOL,46.4,15.4,513.6
2010,MOL,48.8,6.08,466.9
2009,MOL,43.22,4.45,312.62
2008,MOL,46.2,3.48,240.6
2007,MOL,50.1,3.48,221.65
2006,MOL,53.3,3.48,271.15
2005,MOL,55.1,3.48,250.25
2004,MOL,54.4,3.48,257.95
2003,MOL,44.4,3.48,305.5
2002,MOL,30.5,3.48,319.29
2001,MOL,22.66,3.48,313.673004
2000,MOL,29.2,3.48,315.91
1999,MOL,31.28,3.48,330.203003
1998,MOL,34.099998,3.48,376.485992
1997,MOL,34.099998,3.48,376.485992
2018,OMV,182.1,,1419.5
2017,OMV,179.73,,953.15
2016,OMV,158.07,,862.74
2015,OMV,151.78,,847.944
2014,OMV,158.36,,848.49
2013,OMV,150.41,,766.85
2012,OMV,162.192,,796.164
2011,OMV,143.011,,811.779
2010,OMV,173.424,,808.21942
2009,OMV,156.438,,753.971
2008,OMV,162.19,,788.493
2007,OMV,163.834,,881.096
2006,OMV,168.766,,870.1360000000002
2005,OMV,73.69800000000002,,284.931
2004,OMV,75.97,,299.396
2003,OMV,78.08200073,,249.5890045
2002,OMV,53.42499924,,179.7259979
2001,OMV,54.24700165,,143.2879944
2000,OMV,54.79499817,,141.095993
1999,OMV,52.60300064,,131.2330017
1998,OMV,43.2879982,,119.7259979
1997,OMV,43.2879982,,119.7259979
2018,857,2439.178082,,2430.136986
2017,857,2430.136986,,9379.178082
2016,857,2522.465753,,8971.232877
2015,857,2662.74,,8578.08
2014,857,2590.410959,,8298.082192
2013,857,2555.89,,7676.44
2012,857,2510.9,,7010.4
2011,857,2427.6,,6565.479
2010,857,2349.863,,6085.479
2009,857,2310.959,,5786.849
2008,857,2385.479,,5107.397
2007,857,2298.0821920000008,,4457.5340000000015
2006,857,2275.9,,3758.7
2005,857,2254.5,,3067.2
2004,857,2224.6,,2394.3
2003,857,2123.013916,,1893.973022
2002,857,2109.0,,1658.0
2001,857,2091.800049,,1543.699951
2000,857,2096.399902,,1384.400024
1999,857,2123.899902,,1197.5
1998,857,2137.399902,,1121.0
1997,857,2137.399902,,1121.0
2018,PETR4,2100.0,,3168.0
2017,PETR4,2195.0,,3373.0
2016,PETR4,2199.0,,3396.0
2015,PETR4,2197.0,,3360.0
2014,PETR4,2119.0,,2911.59
2013,PETR4,2040.0,,2692.8
2012,PETR4,2119.0,,2250.582000000001
2011,PETR4,2166.7,,1776.5
2010,PETR4,2149.6,,1534.8
2009,PETR4,2111.5,,1368.6
2008,PETR4,1974.6,,1605.4
2007,PETR4,1974.6,,1605.4
2006,PETR4,1920.0,,2267.0
2005,PETR4,1847.0,,2218.0
2004,PETR4,1661.0,,2154.0
2003,PETR4,1701.0,,1908.0
2002,PETR4,1535.0,,1650.0
2001,PETR4,1379.0,,1542.0
2000,PETR4,1324.0,,1452.0
1999,PETR4,1191.0,,1242.0
1998,PETR4,1051.0,,1099.0
1997,PETR4,1051.0,,1099.0
2018,REP,261.0,,2550.0
2017,REP,255.0,,2468.0
2016,REP,243.0,,2509.0
2015,REP,207.0,,1977.0
2014,REP,134.0,,1237.0
2013,REP,139.0,,1163.0
2012,REP,142.0,,1068.0
2011,REP,109.59,,1060.27
2010,REP,146.0,,1112.35
2009,REP,200.0,,1123.0
2008,REP,443.835616,,2723.287671
2007,REP,483.0,,3125.0
2006,REP,525.0,,3387.0
2005,REP,531.0,,3416.0
2004,REP,567.0,,3360.0
2003,REP,594.403015,,3021.195068
2002,REP,584.0,,2336.0
2001,REP,645.021973,,2075.407959
2000,REP,636.0,,2215.0
1999,REP,636.0,,2215.0
1998,REP,204.0,,267.0
1997,REP,204.0,,267.0
2018,RDSA,1803.0,,10805.0
2017,RDSA,1825.0,,10668.0
2016,RDSA,1838.0,,10613.0
2015,RDSA,1509.0,,8380.0
2014,RDSA,1484.0,,9259.0
2013,RDSA,1541.0,,9616.0
2012,RDSA,1633.0,,9449.0
2011,RDSA,1666.0,,8986.0
2010,RDSA,1709.0,,9305.0
2009,RDSA,1680.0,,8483.0
2008,RDSA,1771.0,,8569.0
2007,RDSA,1899.0,,8214.0
2006,RDSA,2030.0,,8368.0
2005,RDSA,2093.0,,8263.0
2004,RDSA,2173.0,,8808.0
2003,RDSA,2333.0,,8949.0
2002,RDSA,2359.0,,9286.0
2001,RDSA,2211.0,,8902.0
2000,RDSA,2262.0,,8096.0
1999,RDSA,2255.0,,7835.0
1998,RDSA,2354.0,,7679.0
1997,RDSA,2354.0,,7679.0
2018,SU,732.0,,
2017,SU,685.3,,
2016,SU,622.8,,
2015,SU,577.8,,
2014,SU,534.9,,
2013,SU,525.1,5.3,192.0
2012,SU,495.2,5.6,290.0
2011,SU,481.3,5.1,357.0
2010,SU,519.3,8.8,522.0
2009,SU,469.4,8.1,398.0
2008,SU,228.0,3.1,202.0
2007,SU,235.6,3.1,196.0
2006,SU,260.7,2.3,191.0
2005,SU,172.1,2.4,190.0
2004,SU,227.5,2.5,200.0
2003,SU,218.0,2.3,187.0
2002,SU,207.3,2.4,179.0
2001,SU,124.7,2.4,177.0
2000,SU,118.1,3.0,200.0
1999,SU,113.099998,3.0,170.0
1998,SU,113.099998,3.0,170.0
1997,SU,113.099998,3.0,170.0
2018,FP,1566.0,,6599.0
2017,FP,1346.0,,6662.0
2016,FP,1271.0,,6447.0
2015,FP,1237.0,,6054.0
2014,FP,1034.0,,6063.0
2013,FP,1167.0,,6184.0
2012,FP,1220.0,,5880.0
2011,FP,1226.0,,6098.0
2010,FP,1340.0,,5648.0
2009,FP,1381.0,,4923.0
2008,FP,1456.0,,4837.0
2007,FP,1509.0,,4839.0
2006,FP,1506.0,,4674.0
2005,FP,1621.0,,4780.0
2004,FP,1695.0,,4894.0
2003,FP,1661.0,,4786.0
2002,FP,1589.0,,4532.0
2001,FP,1454.0,,4061.0
2000,FP,1433.0,,3758.0
1999,FP,718.099976,,2112.300049
1998,FP,563.5,,1504.699951
1997,FP,563.5,,1504.699951
2018,YPFD,227.1,38.8,1482.6
2017,YPFD,227.5,50.4,1556.73
2016,YPFD,244.7,52.5,1575.026
2015,YPFD,249.7,49.2,1560.9
2014,YPFD,244.6,48.7,1290.41
2013,YPFD,281.0,48.2,1196.0
2012,YPFD,276.0,48.2,1029.0
2011,YPFD,274.0,48.2,1090.0
2010,YPFD,294.0,48.2,1211.0
2009,YPFD,303.0,48.2,1335.0
2008,YPFD,316.0,48.2,3138.0
2007,YPFD,329.0,48.2,1737.0
2006,YPFD,346.0,48.2,1179.0
2005,YPFD,346.0,48.2,1179.0
2004,YPFD,400.0,48.2,1931.5
2003,YPFD,430.1369934,48.2,1764.383545
2002,YPFD,439.0,48.2,1487.0
2001,YPFD,503.0,48.2,1535.0
2000,YPFD,451.0,48.2,1691.0
1999,YPFD,477.0,48.2,1754.0
1998,YPFD,519.0,48.2,1421.0
1997,YPFD,519.0,48.2,1421.0
